Waktu (WIB),Nomor WhatsApp,Nama Pelanggan,Status Lead,Kategori Niat,Suhu & Skor,Admin Bertugas,Pesan Masuk,Ringkasan AI,Draf Balasan CS,Tindakan Operasional,Status Follow-Up
"24/9/2026, 14.27.34","6285854560995","Adinda Ayuningtyas","ENGAGED","","COLD (10)","Admin CS","","","","","COMPLETED"
"24/9/2026, 13.05.32","6281215826845",".","BOOKING","","HOT (100)","Admin CS","","","","","COMPLETED"
"24/9/2026, 12.30.07","6289630824656","Ranindya Nur Rohmah","ENGAGED","","HOT (80)","Admin CS","","","","","COMPLETED"
"24/9/2026, 12.29.11","6285292391533","Lu’Lu Amanatul","ENGAGED","","COLD (10)","Admin CS","","","","","COMPLETED"
"24/9/2026, 12.19.42","6285876807130","Lutfii","ENGAGED","","COLD (10)","Admin CS","","","","","COMPLETED"
"24/9/2026, 12.00.39","6285771682819","Annisa","ENGAGED","","WARM (65)","Admin CS","","","","","COMPLETED"
"24/9/2026, 11.32.42","6282257980508","Nailah Fithri","ENGAGED","","COLD (30)","Admin CS","","","","","COMPLETED"
"24/9/2026, 11.28.18","6289613574880","Analisa Mela Egrina","QUALIFIED","","HOT (50)","Admin CS","","","","","COMPLETED"
"24/9/2026, 11.27.30","6281270247772","AGR","QUALIFIED","","COLD (30)","Admin CS","","","","","COMPLETED"
"24/9/2026, 10.50.42","6281227447145","Ilma","ENGAGED","","COLD (30)","Admin CS","","","","","COMPLETED"
"24/9/2026, 10.42.15","628152568077","bella","BOOKING","","HOT (100)","Admin CS","","","","","COMPLETED"
"24/9/2026, 10.14.50","6285709014543","Vera Desita Amelia","QUALIFIED","","COLD (10)","Admin CS","","","","","COMPLETED"
"24/9/2026, 10.14.48","6289604026172","Salsabila Intan","BOOKING","","HOT (100)","Admin CS","","","","","COMPLETED"
"24/9/2026, 09.51.44","6285716607355","Refa","ENGAGED","","COLD (10)","Admin CS","","","","","COMPLETED"
"24/9/2026, 09.26.29","6285728523359","maylizaan","ENGAGED","","COLD (10)","Admin CS","","","","","COMPLETED"
"24/9/2026, 08.36.06","6285727215565","Lely","ENGAGED","","COLD (10)","Admin CS","","","","","COMPLETED"
"24/9/2026, 08.09.38","6282265250434","shofia","ENGAGED","","COLD (10)","Admin CS","","","","","COMPLETED"
"24/9/2026, 07.49.52","6281248522123","Kartika Tania A","ENGAGED","","COLD (10)","Admin CS","","","","","COMPLETED"
"24/9/2026, 07.39.08","6282220421960","KabBanyumas_Manis TA_F7","BOOKING","","HOT (100)","Admin CS","","","","","COMPLETED"
"24/9/2026, 07.34.28","6289516793689","adinda fahrina","BOOKING","","HOT (100)","Admin CS","","","","","COMPLETED"
"24/9/2026, 07.23.05","6285700231673","neta","ENGAGED","","COLD (10)","Admin CS","","","","","COMPLETED"
"24/9/2026, 06.55.19","6281282945511","Daniel","ENGAGED","","COLD (10)","Admin CS","","","","","COMPLETED"
"24/9/2026, 06.07.25","628121593446","Detri","ENGAGED","","COLD (10)","Admin CS","","","","","COMPLETED"
"24/9/2026, 05.01.20","6281317430551","jall","ENGAGED","","COLD (10)","Admin CS","","","","","COMPLETED"
"23/9/2026, 23.05.10","6281973776111","Tata","ENGAGED","","COLD (10)","Admin CS","","","","","COMPLETED"
"23/9/2026, 21.48.24","62895350424200","rrny","QUALIFIED","","HOT (80)","Admin CS","","","","","COMPLETED"
"23/9/2026, 21.25.39","6280023220","Hanan Aldi R","BOOKING","","HOT (100)","Admin CS","","","","","COMPLETED"
"23/9/2026, 21.25.39","6280023219","ALFIAN WICAKSANA","BOOKING","","HOT (100)","Admin CS","","","","","COMPLETED"
"23/9/2026, 21.25.39","6280023218","Ofi","BOOKING","","HOT (100)","Admin CS","","","","","COMPLETED"
"23/9/2026, 21.25.39","6280023217","Sulaiman","BOOKING","","HOT (100)","Admin CS","","","","","COMPLETED"
"23/9/2026, 21.25.38","6280023216","Mayliza","BOOKING","","HOT (100)","Admin CS","","","","","COMPLETED"
"23/9/2026, 21.25.38","6280022213","Elfa","BOOKING","","HOT (100)","Admin CS","","","","","COMPLETED"
"23/9/2026, 21.25.38","6280021209","Mein","BOOKING","","HOT (100)","Admin CS","","","","","COMPLETED"
"23/9/2026, 21.25.37","6280021208","kresna","BOOKING","","HOT (100)","Admin CS","","","","","COMPLETED"
"23/9/2026, 21.25.37","6280021207","Amin Nasyith","BOOKING","","HOT (100)","Admin CS","","","","","COMPLETED"
"23/9/2026, 21.25.37","6280021206","Rifan","BOOKING","","HOT (100)","Admin CS","","","","","COMPLETED"
"23/9/2026, 21.25.37","6280020205","Muti","BOOKING","","HOT (100)","Admin CS","","","","","COMPLETED"
"23/9/2026, 21.25.36","6280020204","Pandu Eka Wardana","BOOKING","","HOT (100)","Admin CS","","","","","COMPLETED"
"23/9/2026, 21.25.36","6280020202","Melody","BOOKING","","HOT (100)","Admin CS","","","","","COMPLETED"
"23/9/2026, 21.25.36","6280020201","devita","BOOKING","","HOT (100)","Admin CS","","","","","COMPLETED"
"23/9/2026, 21.25.35","6280019200","Akhmad binangun","BOOKING","","HOT (100)","Admin CS","","","","","COMPLETED"
"23/9/2026, 21.25.35","6280019199","cipan","BOOKING","","HOT (100)","Admin CS","","","","","COMPLETED"
"23/9/2026, 21.25.35","6280019198","aulia","BOOKING","","HOT (100)","Admin CS","","","","","COMPLETED"
"23/9/2026, 21.25.34","6280019197","princes","BOOKING","","HOT (100)","Admin CS","","","","","COMPLETED"
"23/9/2026, 21.25.34","6280019196","Celestia","BOOKING","","HOT (100)","Admin CS","","","","","COMPLETED"
"23/9/2026, 21.25.34","6280018195","Vivi","BOOKING","","HOT (100)","Admin CS","","","","","COMPLETED"
"23/9/2026, 21.25.33","6280018193","Naura","BOOKING","","HOT (100)","Admin CS","","","","","COMPLETED"
"23/9/2026, 21.25.33","6280018192","Difa Ruci","BOOKING","","HOT (100)","Admin CS","","","","","COMPLETED"
"23/9/2026, 21.25.33","6280018191","Dwi","BOOKING","","HOT (100)","Admin CS","","","","","COMPLETED"
"23/9/2026, 21.25.32","6280018190","Afita Khoerunnisa","BOOKING","","HOT (100)","Admin CS","","","","","COMPLETED"
"23/9/2026, 21.25.32","6280018189","MIK UMP","BOOKING","","HOT (100)","Admin CS","","","","","COMPLETED"
"23/9/2026, 21.25.32","6280018188","Sema","BOOKING","","HOT (100)","Admin CS","","","","","COMPLETED"
"23/9/2026, 21.25.32","6280018187","Satria","BOOKING","","HOT (100)","Admin CS","","","","","COMPLETED"
"23/9/2026, 21.25.32","6280017186","CeritaPanerusan","BOOKING","","HOT (100)","Admin CS","","","","","COMPLETED"
"23/9/2026, 21.25.31","6280017185","inggar evelyn","BOOKING","","HOT (100)","Admin CS","","","","","COMPLETED"
"23/9/2026, 21.25.31","6280017184","Ayara Amaratya","BOOKING","","HOT (100)","Admin CS","","","","","COMPLETED"
"23/9/2026, 21.25.31","6280017182","Mufti","BOOKING","","HOT (100)","Admin CS","","","","","COMPLETED"
"23/9/2026, 21.25.31","6280017181","Diana","BOOKING","","HOT (100)","Admin CS","","","","","COMPLETED"
"23/9/2026, 21.25.31","6280017180","Dhabi","BOOKING","","HOT (100)","Admin CS","","","","","COMPLETED"
"23/9/2026, 21.25.31","6280017179","Mayor Hartadi","BOOKING","","HOT (100)","Admin CS","","","","","COMPLETED"
"23/9/2026, 21.25.31","6280017178","Echi","BOOKING","","HOT (100)","Admin CS","","","","","COMPLETED"
"23/9/2026, 21.25.30","6280017176","Adelia","BOOKING","","HOT (100)","Admin CS","","","","","COMPLETED"
"23/9/2026, 21.25.30","6280016175","Adkesma Fikes","BOOKING","","HOT (100)","Admin CS","","","","","COMPLETED"
"23/9/2026, 21.25.30","6280016173","Sifa","BOOKING","","HOT (100)","Admin CS","","","","","COMPLETED"
"23/9/2026, 21.25.30","6280016171","Dita","BOOKING","","HOT (100)","Admin CS","","","","","COMPLETED"
"23/9/2026, 21.25.30","6280016169","Lyra","BOOKING","","HOT (100)","Admin CS","","","","","COMPLETED"
"23/9/2026, 21.25.30","6280016168","ulfa","BOOKING","","HOT (100)","Admin CS","","","","","COMPLETED"
"23/9/2026, 21.25.29","6280016167","Nabilla","BOOKING","","HOT (100)","Admin CS","","","","","COMPLETED"
"23/9/2026, 21.25.29","6280016166","Sultan Athar Pasha","BOOKING","","HOT (100)","Admin CS","","","","","COMPLETED"
"23/9/2026, 21.25.29","6280016165","Wasis Rifky","BOOKING","","HOT (100)","Admin CS","","","","","COMPLETED"
"23/9/2026, 21.25.29","6280015164","Tsany","BOOKING","","HOT (100)","Admin CS","","","","","COMPLETED"
"23/9/2026, 21.25.29","6280015163","Cia","BOOKING","","HOT (100)","Admin CS","","","","","COMPLETED"
"23/9/2026, 21.25.29","6280015162","Suhaimah","BOOKING","","HOT (100)","Admin CS","","","","","COMPLETED"
"23/9/2026, 21.25.29","6280015161","Ade Evan","BOOKING","","HOT (100)","Admin CS","","","","","COMPLETED"
"23/9/2026, 21.25.28","6280015160","Mukti Muadzin","BOOKING","","HOT (100)","Admin CS","","","","","COMPLETED"
"23/9/2026, 21.25.28","6280015159","Lodaya Sasindo","BOOKING","","HOT (100)","Admin CS","","","","","COMPLETED"
"23/9/2026, 21.25.28","6280015158","Yohana","BOOKING","","HOT (100)","Admin CS","","","","","COMPLETED"
"23/9/2026, 21.25.28","6280015157","Laela","BOOKING","","HOT (100)","Admin CS","","","","","COMPLETED"
"23/9/2026, 21.25.28","6280015155","Yuza","BOOKING","","HOT (100)","Admin CS","","","","","COMPLETED"
"23/9/2026, 21.25.28","6280015153","Kharisma","BOOKING","","HOT (100)","Admin CS","","","","","COMPLETED"
"23/9/2026, 21.25.28","6280015152","Rahes","BOOKING","","HOT (100)","Admin CS","","","","","COMPLETED"
"23/9/2026, 21.25.27","6280014151","Azzra","BOOKING","","HOT (100)","Admin CS","","","","","COMPLETED"
"23/9/2026, 21.25.27","6280014150","Lisna","BOOKING","","HOT (100)","Admin CS","","","","","COMPLETED"
"23/9/2026, 21.25.27","6280014149","Nafa Aswanda","BOOKING","","HOT (100)","Admin CS","","","","","COMPLETED"
"23/9/2026, 21.25.27","6280014148","Anett","BOOKING","","HOT (100)","Admin CS","","","","","COMPLETED"
"23/9/2026, 21.25.27","6280014147","Rara","BOOKING","","HOT (100)","Admin CS","","","","","COMPLETED"
"23/9/2026, 21.25.27","6280014146","Miftah","BOOKING","","HOT (100)","Admin CS","","","","","COMPLETED"
"23/9/2026, 21.25.27","6280014145","Della","BOOKING","","HOT (100)","Admin CS","","","","","COMPLETED"
"23/9/2026, 21.25.26","6280013143","Keisha","BOOKING","","HOT (100)","Admin CS","","","","","COMPLETED"
"23/9/2026, 21.25.26","6280013142","lalita","BOOKING","","HOT (100)","Admin CS","","","","","COMPLETED"
"23/9/2026, 21.25.26","6280013141","Ocha","BOOKING","","HOT (100)","Admin CS","","","","","COMPLETED"
"23/9/2026, 21.25.26","6280013140","Ihsan","BOOKING","","HOT (100)","Admin CS","","","","","COMPLETED"
"23/9/2026, 21.25.26","6280013139","HANA","BOOKING","","HOT (100)","Admin CS","","","","","COMPLETED"
"23/9/2026, 21.25.25","6280013138","Syska","BOOKING","","HOT (100)","Admin CS","","","","","COMPLETED"
"23/9/2026, 21.25.25","6280013137","Syifa Zulfa","BOOKING","","HOT (100)","Admin CS","","","","","COMPLETED"
"23/9/2026, 21.25.25","6280012136","Galih","BOOKING","","HOT (100)","Admin CS","","","","","COMPLETED"
"23/9/2026, 21.25.25","6280012135","abay","BOOKING","","HOT (100)","Admin CS","","","","","COMPLETED"
"23/9/2026, 21.25.25","6280012134","Nina Dwi Suryani","BOOKING","","HOT (100)","Admin CS","","","","","COMPLETED"
"23/9/2026, 21.25.25","6280012132","Nopen","BOOKING","","HOT (100)","Admin CS","","","","","COMPLETED"
"23/9/2026, 21.25.24","6280012131","AM. Yulia Mutmainah","BOOKING","","HOT (100)","Admin CS","","","","","COMPLETED"
"23/9/2026, 21.25.24","6280012129","widyaloka","BOOKING","","HOT (100)","Admin CS","","","","","COMPLETED"
"23/9/2026, 21.25.23","6280011125","Shelly Ayu Safitri","BOOKING","","HOT (100)","Admin CS","","","","","COMPLETED"
"23/9/2026, 21.25.23","6280011124","Bela","BOOKING","","HOT (100)","Admin CS","","","","","COMPLETED"
"23/9/2026, 21.25.23","6280011123","Tiffani Agil","BOOKING","","HOT (100)","Admin CS","","","","","COMPLETED"
"23/9/2026, 21.25.23","6280011122","Maylisa","BOOKING","","HOT (100)","Admin CS","","","","","COMPLETED"
"23/9/2026, 21.25.23","6280011121","Della fitriana","BOOKING","","HOT (100)","Admin CS","","","","","COMPLETED"
"23/9/2026, 21.25.23","6280011120","Naumi","BOOKING","","HOT (100)","Admin CS","","","","","COMPLETED"
"23/9/2026, 21.25.23","6280011119","Syifa","BOOKING","","HOT (100)","Admin CS","","","","","COMPLETED"
"23/9/2026, 21.25.22","6280010118","kelas 2b (faiza)","BOOKING","","HOT (100)","Admin CS","","","","","COMPLETED"
"23/9/2026, 21.25.22","6280010117","Arneta","BOOKING","","HOT (100)","Admin CS","","","","","COMPLETED"
"23/9/2026, 21.25.22","6280010116","Bening","BOOKING","","HOT (100)","Admin CS","","","","","COMPLETED"
"23/9/2026, 21.25.22","6280010115","Kanna","BOOKING","","HOT (100)","Admin CS","","","","","COMPLETED"
"23/9/2026, 21.25.22","6280010114","Navan HES A","BOOKING","","HOT (100)","Admin CS","","","","","COMPLETED"
"23/9/2026, 21.25.22","6280010113","Mayzela","BOOKING","","HOT (100)","Admin CS","","","","","COMPLETED"
"23/9/2026, 21.25.21","6280009110","Aryandito","BOOKING","","HOT (100)","Admin CS","","","","","COMPLETED"
"23/9/2026, 21.25.21","6280009109","Nasywa","BOOKING","","HOT (100)","Admin CS","","","","","COMPLETED"
"23/9/2026, 21.25.21","6280009107","Nabilla Epiztiany","BOOKING","","HOT (100)","Admin CS","","","","","COMPLETED"
"23/9/2026, 21.25.21","6280009106","3. Naufal","BOOKING","","HOT (100)","Admin CS","","","","","COMPLETED"
"23/9/2026, 21.25.20","6280009105","Aliya","BOOKING","","HOT (100)","Admin CS","","","","","COMPLETED"
"23/9/2026, 21.25.20","6280008103","8.Frista Savitri","BOOKING","","HOT (100)","Admin CS","","","","","COMPLETED"
"23/9/2026, 21.25.20","6280008102","7.Fahmy Bagas","BOOKING","","HOT (100)","Admin CS","","","","","COMPLETED"
"23/9/2026, 21.25.20","6280008101","3.Desni","BOOKING","","HOT (100)","Admin CS","","","","","COMPLETED"
"23/9/2026, 21.25.20","6280008100","2. Aula Hani","BOOKING","","HOT (100)","Admin CS","","","","","COMPLETED"
"23/9/2026, 21.25.19","6280008099","Afifah","BOOKING","","HOT (100)","Admin CS","","","","","COMPLETED"
"23/9/2026, 21.25.19","6280008098","Fadlah Faqih Masho","BOOKING","","HOT (100)","Admin CS","","","","","COMPLETED"
"23/9/2026, 21.25.19","6280008097","Berliana","BOOKING","","HOT (100)","Admin CS","","","","","COMPLETED"
"23/9/2026, 21.25.18","6280008096","Delfi","BOOKING","","HOT (100)","Admin CS","","","","","COMPLETED"
"23/9/2026, 21.24.52","6280008095","Muhamad Rizki","BOOKING","","HOT (100)","Admin CS","","","","","COMPLETED"
"23/9/2026, 21.24.52","6280008094","Nidaul","BOOKING","","HOT (100)","Admin CS","","","","","COMPLETED"
"23/9/2026, 21.24.51","6280008093","Adioni","BOOKING","","HOT (100)","Admin CS","","","","","COMPLETED"
"23/9/2026, 21.24.51","6280007092","Gita","BOOKING","","HOT (100)","Admin CS","","","","","COMPLETED"
"23/9/2026, 21.24.51","6280007091","TBMM EKSTREMITAS","BOOKING","","HOT (100)","Admin CS","","","","","COMPLETED"
"23/9/2026, 21.24.50","6280006089","Akbar","BOOKING","","HOT (100)","Admin CS","","","","","COMPLETED"
"23/9/2026, 21.24.50","6280006088","mohamad tri guntoro","BOOKING","","HOT (100)","Admin CS","","","","","COMPLETED"
"23/9/2026, 21.24.50","6280006087","laila","BOOKING","","HOT (100)","Admin CS","","","","","COMPLETED"
"23/9/2026, 21.24.49","6280006086","helmi","BOOKING","","HOT (100)","Admin CS","","","","","COMPLETED"
"23/9/2026, 21.24.49","6280006085","Johan","BOOKING","","HOT (100)","Admin CS","","","","","COMPLETED"
"23/9/2026, 21.24.48","6280006084","Regita","BOOKING","","HOT (100)","Admin CS","","","","","COMPLETED"
"23/9/2026, 21.24.48","6280006083","Salsa Bella Aryana","BOOKING","","HOT (100)","Admin CS","","","","","COMPLETED"
"23/9/2026, 21.24.48","6280006082","Uwi","BOOKING","","HOT (100)","Admin CS","","","","","COMPLETED"
"23/9/2026, 21.24.48","6280006081","Kebagoran","BOOKING","","HOT (100)","Admin CS","","","","","COMPLETED"
"23/9/2026, 21.24.47","6280006080","Nadi Indra F","BOOKING","","HOT (100)","Admin CS","","","","","COMPLETED"
"23/9/2026, 21.24.47","6280005079","Nissa","BOOKING","","HOT (100)","Admin CS","","","","","COMPLETED"
"23/9/2026, 21.24.47","6280005078","Rafa Ghiyas","BOOKING","","HOT (100)","Admin CS","","","","","COMPLETED"
"23/9/2026, 21.24.46","6280005077","PSDA Bahagia","BOOKING","","HOT (100)","Admin CS","","","","","COMPLETED"
"23/9/2026, 21.24.46","6280005076","Fida","BOOKING","","HOT (100)","Admin CS","","","","","COMPLETED"
"23/9/2026, 21.24.46","6280005075","Cahya Juwita","BOOKING","","HOT (100)","Admin CS","","","","","COMPLETED"
"23/9/2026, 21.24.45","6280005074","Bintang","BOOKING","","HOT (100)","Admin CS","","","","","COMPLETED"
"23/9/2026, 21.24.45","6280005073","Alif Arhansyah","BOOKING","","HOT (100)","Admin CS","","","","","COMPLETED"
"23/9/2026, 21.24.45","6280004072","wahyu puji prasetio","BOOKING","","HOT (100)","Admin CS","","","","","COMPLETED"
"23/9/2026, 21.24.45","6280004071","Zhafira Azfa","BOOKING","","HOT (100)","Admin CS","","","","","COMPLETED"
"23/9/2026, 21.24.45","6280004070","Ama","BOOKING","","HOT (100)","Admin CS","","","","","COMPLETED"
"23/9/2026, 21.24.44","6280004069","Muhammad Adam Hifar","BOOKING","","HOT (100)","Admin CS","","","","","COMPLETED"
"23/9/2026, 21.24.44","6280004068","Lembata","BOOKING","","HOT (100)","Admin CS","","","","","COMPLETED"
"23/9/2026, 21.24.43","6280004067","Aisha","BOOKING","","HOT (100)","Admin CS","","","","","COMPLETED"
"23/9/2026, 21.24.42","6280004066","Aditiya Fauzi","BOOKING","","HOT (100)","Admin CS","","","","","COMPLETED"
"23/9/2026, 21.24.42","6280004065","Ananda Yasmin","BOOKING","","HOT (100)","Admin CS","","","","","COMPLETED"
"23/9/2026, 21.24.42","6280004064","Wildan","BOOKING","","HOT (100)","Admin CS","","","","","COMPLETED"
"23/9/2026, 21.24.41","6280004063","Gibran","BOOKING","","HOT (100)","Admin CS","","","","","COMPLETED"
"23/9/2026, 21.24.40","6280004062","Sandi Mugiyono","BOOKING","","HOT (100)","Admin CS","","","","","COMPLETED"
"23/9/2026, 21.24.40","6280004061","Sulis Setianti","BOOKING","","HOT (100)","Admin CS","","","","","COMPLETED"
"23/9/2026, 21.24.39","6280004060","mila","BOOKING","","HOT (100)","Admin CS","","","","","COMPLETED"
"23/9/2026, 21.24.39","6280004059","Davita","BOOKING","","HOT (100)","Admin CS","","","","","COMPLETED"
"23/9/2026, 21.24.38","6280003058","Fianto","BOOKING","","HOT (100)","Admin CS","","","","","COMPLETED"
"23/9/2026, 21.24.38","6280003056","Decky Sapta","BOOKING","","HOT (100)","Admin CS","","","","","COMPLETED"
"23/9/2026, 21.24.38","6280003055","cut auriel","BOOKING","","HOT (100)","Admin CS","","","","","COMPLETED"
"23/9/2026, 21.24.37","6280003054","KKN Kalikajar","BOOKING","","HOT (100)","Admin CS","","","","","COMPLETED"
"23/9/2026, 21.24.37","6280003053","Luceriza","BOOKING","","HOT (100)","Admin CS","","","","","COMPLETED"
"23/9/2026, 21.24.37","6280003052","Athia","BOOKING","","HOT (100)","Admin CS","","","","","COMPLETED"
"23/9/2026, 21.24.37","6280003051","Jager","BOOKING","","HOT (100)","Admin CS","","","","","COMPLETED"
"23/9/2026, 21.24.36","6280003050","maria taffi","BOOKING","","HOT (100)","Admin CS","","","","","COMPLETED"
"23/9/2026, 21.24.36","6280003049","Dhita","BOOKING","","HOT (100)","Admin CS","","","","","COMPLETED"
"23/9/2026, 21.24.35","6280003048","Farrel Daffa","BOOKING","","HOT (100)","Admin CS","","","","","COMPLETED"
"23/9/2026, 21.24.35","6280003047","Futsal UIN Saizu","BOOKING","","HOT (100)","Admin CS","","","","","COMPLETED"
"23/9/2026, 21.24.34","6280003046","andin","BOOKING","","HOT (100)","Admin CS","","","","","COMPLETED"
"23/9/2026, 21.24.34","6280003045","Deri Dernata","BOOKING","","HOT (100)","Admin CS","","","","","COMPLETED"
"23/9/2026, 21.24.34","6280003044","Akira Aditya","BOOKING","","HOT (100)","Admin CS","","","","","COMPLETED"
"23/9/2026, 21.24.34","6280003043","Ardi","BOOKING","","HOT (100)","Admin CS","","","","","COMPLETED"
"23/9/2026, 21.24.34","6280003042","Raka","BOOKING","","HOT (100)","Admin CS","","","","","COMPLETED"
"23/9/2026, 21.24.34","6280003041","Atiesa dkk","BOOKING","","HOT (100)","Admin CS","","","","","COMPLETED"
"23/9/2026, 21.24.33","6280002040","Diarra Fathiya","BOOKING","","HOT (100)","Admin CS","","","","","COMPLETED"
"23/9/2026, 21.24.33","6280002039","Aya","BOOKING","","HOT (100)","Admin CS","","","","","COMPLETED"
"23/9/2026, 21.24.33","6280002038","aisha","BOOKING","","HOT (100)","Admin CS","","","","","COMPLETED"
"23/9/2026, 21.24.33","6280002037","Hanifah nur S","BOOKING","","HOT (100)","Admin CS","","","","","COMPLETED"
"23/9/2026, 21.24.33","6280002036","Allez galan","BOOKING","","HOT (100)","Admin CS","","","","","COMPLETED"
"23/9/2026, 21.24.32","6280002035","Nanda Putri Sabila","BOOKING","","HOT (100)","Admin CS","","","","","COMPLETED"
"23/9/2026, 21.24.32","6280002034","Hanifa","BOOKING","","HOT (100)","Admin CS","","","","","COMPLETED"
"23/9/2026, 21.24.31","6280002033","Adinda Fahrina","BOOKING","","HOT (100)","Admin CS","","","","","COMPLETED"
"23/9/2026, 21.24.31","6280002032","Qori Susi Allifah","BOOKING","","HOT (100)","Admin CS","","","","","COMPLETED"
"23/9/2026, 21.24.31","6280002031","Reynaldo","BOOKING","","HOT (100)","Admin CS","","","","","COMPLETED"
"23/9/2026, 21.24.30","6280002030","Isty Fadielah","BOOKING","","HOT (100)","Admin CS","","","","","COMPLETED"
"23/9/2026, 21.24.29","6280002029","Deo Putra","BOOKING","","HOT (100)","Admin CS","","","","","COMPLETED"
"23/9/2026, 21.24.29","6280002028","Luqmanul Hakim","BOOKING","","HOT (100)","Admin CS","","","","","COMPLETED"
"23/9/2026, 21.24.28","6280002027","Atika","BOOKING","","HOT (100)","Admin CS","","","","","COMPLETED"
"23/9/2026, 21.24.28","6280002026","Flower","BOOKING","","HOT (100)","Admin CS","","","","","COMPLETED"
"23/9/2026, 21.24.28","6280002025","Refanie Karunia Bernardi","BOOKING","","HOT (100)","Admin CS","","","","","COMPLETED"
"23/9/2026, 21.24.28","6280002024","rindi setynai","BOOKING","","HOT (100)","Admin CS","","","","","COMPLETED"
"23/9/2026, 21.24.28","6280002023","Feby Putri","BOOKING","","HOT (100)","Admin CS","","","","","COMPLETED"
"23/9/2026, 21.24.27","6280001022","Niko","BOOKING","","HOT (100)","Admin CS","","","","","COMPLETED"
"23/9/2026, 21.24.27","6280001021","Nayla","BOOKING","","HOT (100)","Admin CS","","","","","COMPLETED"
"23/9/2026, 21.24.27","6280001019","Marcellia Eki Christine","BOOKING","","HOT (100)","Admin CS","","","","","COMPLETED"
"23/9/2026, 21.24.26","6280001017","Ria","BOOKING","","HOT (100)","Admin CS","","","","","COMPLETED"
"23/9/2026, 21.24.26","6280001016","Zahra Nur","BOOKING","","HOT (100)","Admin CS","","","","","COMPLETED"
"23/9/2026, 21.24.26","6280001015","Jasmine Malaeka P","BOOKING","","HOT (100)","Admin CS","","","","","COMPLETED"
"23/9/2026, 21.24.25","6280001014","Anjani","BOOKING","","HOT (100)","Admin CS","","","","","COMPLETED"
"23/9/2026, 21.24.25","6280001013","Sumberejo","BOOKING","","HOT (100)","Admin CS","","","","","COMPLETED"
"23/9/2026, 21.24.24","6280001012","Renaldi","BOOKING","","HOT (100)","Admin CS","","","","","COMPLETED"
"23/9/2026, 21.24.24","6280001011","Maulida Jundana","BOOKING","","HOT (100)","Admin CS","","","","","COMPLETED"
"23/9/2026, 21.24.23","6280001010","Muhamad Abdau","BOOKING","","HOT (100)","Admin CS","","","","","COMPLETED"
"23/9/2026, 21.24.22","6280001009","Anto","BOOKING","","HOT (100)","Admin CS","","","","","COMPLETED"
"23/9/2026, 21.24.22","6280001007","Zhafira Rismalia","BOOKING","","HOT (100)","Admin CS","","","","","COMPLETED"
"23/9/2026, 21.24.21","6280001006","Stevy","BOOKING","","HOT (100)","Admin CS","","","","","COMPLETED"
"23/9/2026, 21.24.21","6280001005","Sela Artiana","BOOKING","","HOT (100)","Admin CS","","","","","COMPLETED"
"23/9/2026, 21.24.21","6280001004","Fauzan","BOOKING","","HOT (100)","Admin CS","","","","","COMPLETED"
"23/9/2026, 21.24.20","6280001003","Ergi Mahandika","BOOKING","","HOT (100)","Admin CS","","","","","COMPLETED"
"23/9/2026, 21.24.20","6280001002","Hanif","BOOKING","","HOT (100)","Admin CS","","","","","COMPLETED"
"23/9/2026, 21.24.19","6280001001","Denny Hardiansyah","BOOKING","","HOT (100)","Admin CS","","","","","COMPLETED"
"23/9/2026, 21.22.51","6285156109389","Asa","ENGAGED","","COLD (10)","Admin CS","","","","","COMPLETED"
"23/9/2026, 20.39.18","6285726556319","Nana_","BOOKING","","HOT (100)","Admin CS","","","","","COMPLETED"
"23/9/2026, 20.38.27","6285200857770","Icca Lestari","BOOKING","","HOT (100)","Admin CS","","","","","COMPLETED"
"23/9/2026, 20.35.50","6285723880343","adleyl","ENGAGED","","COLD (10)","Admin CS","","","","","COMPLETED"
"23/9/2026, 20.24.19","6281388990011","Keluarga dr. Hendra","BOOKING","","HOT (100)","Admin CS","","","","","COMPLETED"
"23/9/2026, 20.24.19","6285712345678","Dimas Prasetyo (Wisuda UGM)","BOOKING","","HOT (100)","Admin CS","","","","","COMPLETED"
"23/9/2026, 20.24.18","6281298765432","Amanda & Fajar","BOOKING","","HOT (100)","Admin CS","","","","","COMPLETED"
"23/9/2026, 20.18.21","6281317023116","mel","ENGAGED","","COLD (10)","Admin CS","","","","","COMPLETED"
"23/9/2026, 20.09.47","628214352094","tiararamadhani","BOOKING","","HOT (100)","Admin CS","","","","","COMPLETED"
"23/9/2026, 20.04.24","62895422475764","rhs","ENGAGED","","COLD (10)","Admin CS","","","","","COMPLETED"
"23/9/2026, 20.02.09","6285799833023","delad","QUALIFIED","","HOT (30)","Admin CS","","","","","COMPLETED"
"23/9/2026, 19.55.00","6285702573219","nartokus59","ENGAGED","","COLD (30)","Admin CS","","","","","COMPLETED"
"23/9/2026, 19.50.19","6285947381734","Fellya","BOOKING","","HOT (100)","Admin CS","","","","","COMPLETED"
"23/9/2026, 19.49.52","62895615999996","dy","ENGAGED","","COLD (10)","Admin CS","","","","","COMPLETED"
"23/9/2026, 19.43.04","6281247966136","Dedik Purwanto","QUALIFIED","","HOT (60)","Admin CS","","","","","COMPLETED"
"23/9/2026, 19.29.42","628987881806","Annisa Indriyani","BOOKING","","HOT (100)","Admin CS","","","","","COMPLETED"
"23/9/2026, 19.26.34","6285747298096","Adzkiya Motor","BOOKING","","HOT (100)","Admin CS","","","","","COMPLETED"
"23/9/2026, 19.21.38","6288215780847",".","ENGAGED","","COLD (10)","Admin CS","","","","","COMPLETED"
"23/9/2026, 19.19.00","6289670249779","Aninditya R","BOOKING","","HOT (100)","Admin CS","","","","","COMPLETED"
"23/9/2026, 19.05.59","6282325537189","naya","ENGAGED","","COLD (25)","Admin CS","","","","","COMPLETED"
"23/9/2026, 19.04.35","6283890345295","Amalia Rosita","BOOKING","","HOT (100)","Admin CS","","","","","COMPLETED"
"23/9/2026, 19.00.45","62895342111557","Endang","ENGAGED","","COLD (10)","Admin CS","","","","","COMPLETED"
"23/9/2026, 18.58.15","62895333354777","yumna nadira","ENGAGED","","COLD (10)","Admin CS","","","","","COMPLETED"
"23/9/2026, 18.56.25","6285712415379","ifandwiramadan","ENGAGED","","COLD (10)","Admin CS","","","","","COMPLETED"
"23/9/2026, 18.55.26","6285786833615","sabnalutfikaam","BOOKING","","HOT (100)","Admin CS","","","","","COMPLETED"
"23/9/2026, 18.55.01","6282134068772","Yunitaa Kinthan","BOOKING","","HOT (100)","Admin CS","","","","","COMPLETED"
"23/9/2026, 18.51.43","6285290911594","ayyaaa","ENGAGED","","COLD (10)","Admin CS","","","","","COMPLETED"
"23/9/2026, 18.42.44","6281324459784","Will","ENGAGED","","COLD (10)","Admin CS","","","","","COMPLETED"
"23/9/2026, 18.40.52","6285172009525","Isanurfathoni","ENGAGED","","COLD (10)","Admin CS","","","","","COMPLETED"
"23/9/2026, 18.33.05","6281326792050","ikarohanna","ENGAGED","","COLD (10)","Admin CS","","","","","COMPLETED"
"23/9/2026, 18.29.18","6287784589431","marr","ENGAGED","","COLD (30)","Admin CS","","","","","COMPLETED"
"23/9/2026, 18.28.46","6282138598243","Nu","ENGAGED","","COLD (10)","Admin CS","","","","","COMPLETED"
"23/9/2026, 18.25.34","6281215432766","dini~","ENGAGED","","COLD (10)","Admin CS","","","","","COMPLETED"
"23/9/2026, 18.21.53","6281316155532","asha","ENGAGED","","COLD (10)","Admin CS","","","","","COMPLETED"
"23/9/2026, 09.00.00","6280023215","Nashita cahyaningrum","BOOKING","","HOT (100)","Admin CS","","","","","COMPLETED"
"22/9/2026, 12.00.00","6280022212","Binta","BOOKING","","HOT (100)","Admin CS","","","","","COMPLETED"
"22/9/2026, 12.00.00","6280022210","Yunita","BOOKING","","HOT (100)","Admin CS","","","","","COMPLETED"
"20/9/2026, 12.00.00","6280020203","Fahdi Ramadhan","BOOKING","","HOT (100)","Admin CS","","","","","COMPLETED"
"17/9/2026, 12.00.00","6280017183","susi","BOOKING","","HOT (100)","Admin CS","","","","","COMPLETED"
"16/9/2026, 12.00.00","6280016174","Alif","BOOKING","","HOT (100)","Admin CS","","","","","COMPLETED"
"15/9/2026, 12.00.00","6280015156","Marcel","BOOKING","","HOT (100)","Admin CS","","","","","COMPLETED"
"13/9/2026, 12.00.00","6280013144","KKN 100","BOOKING","","HOT (100)","Admin CS","","","","","COMPLETED"
"12/9/2026, 12.00.00","6280012126","M adzki alfathin dp","BOOKING","","HOT (100)","Admin CS","","","","","COMPLETED"
"12/9/2026, 12.00.00","6280012128","KKN TRIBUANA","BOOKING","","HOT (100)","Admin CS","","","","","COMPLETED"
"9/9/2026, 12.00.00","6280009111","Tamalia Agustin","BOOKING","","HOT (100)","Admin CS","","","","","COMPLETED"
"9/9/2026, 12.00.00","6280009108","Andin","BOOKING","","HOT (100)","Admin CS","","","","","COMPLETED"